id,schema,name,species,breed,gender,birth_date,weight,color,photo_url,status,is_nfc_synced,known_allergies,default_vet,default_clinic,owners
69b88bc286fe595486389f81,1,Buddy,dog,Labrador,male,2022-05-10,25.5,golden,https://example.com/buddy.jpg,healthy,False,chicken,Dr. Smith,Happy Paws,[]
69b89452e67f7e097caf7854,1,Max,dog,Golden Retriever,male,2021-06-15,32.5,golden,https://images.unsplash.com/photo-1633722715463-d30628cqe450?w=400,healthy,False,chicken,Dr. María García,Clínica Veterinaria PetCare,[]
69b89495e67f7e097caf7855,1,Luna edited,cat,Siamese,female,2022-11-20,4.2,cream and blue,https://firebasestorage.googleapis.com/v0/b/pets-health-info.firebasestorage.app/o/pets%2F69b89495e67f7e097caf7855%2Fphoto%2Fpet_1773844698448.jpg?alt=media&token=c532cb11-4328-46bb-be7e-38b71fefe1ad,lost,False,fish,Dr. Carlos López,Happy Paws Clinic,"[ObjectId('69b5b6d4be7e7d222e4eae0b'), ObjectId('69b89347569f6993f6916dce')]"
69b8953fe67f7e097caf7856,1,Max,dog,Golden Retriever,male,2021-06-15,32.5,golden,https://images.unsplash.com/photo-1633722715463-d30628cqe450?w=400,healthy,False,chicken,Dr. María García,Clínica Veterinaria PetCare,[]
69b8989ca1f9a7cb659d9fab,1,Max,dog,Golden Retriever,male,2021-06-15,32.5,golden,https://images.unsplash.com/photo-1633722715463-d30628cqe450?w=400,healthy,False,chicken,Dr. María García,Clínica Veterinaria PetCare,[ObjectId('69b89392e67f7e097caf7853')]
69b970b38dd17e197fe2d8a3,1,Puskas,dog,Australian Shepherd,male,2023-07-08,22.5,"white, black and brown","https://eu-central-1.graphassets.com/AnwjgMYRvQfWK3bRPjoq3z/resize=height:608,width:1080/output=format:webp/yb6NOAlCSlSl9xFJFf7b",healthy,True,,,,[ObjectId('69b89347569f6993f6916dce')]
69b9a2bad175af1f9b214e53,1,Rocco,dog,French Bulldog,male,,12.0,Grey with white,,healthy,False,None,Dr. Manuela,Animal Vet,[ObjectId('69b9a275d175af1f9b214e52')]
69b9b0a8eda7eb27a771928e,1,maxine,dog,beagle,male,2018-03-15,6.0,Brown,,lost,True,Milk,Dr Patrick,New Vet,[ObjectId('69b89347569f6993f6916dce')]
69b9d10d7f33e7fd442d742b,1,Elliot,dog,Yorkie,male,2015-05-02,4.0,Grey,https://firebasestorage.googleapis.com/v0/b/pets-health-info.firebasestorage.app/o/pets%2F69b9d10d7f33e7fd442d742b%2Fphoto%2Fpet_1773937671763.jpg?alt=media&token=5e889a69-769c-4c1e-bd3a-7beed5a79247,healthy,True,Banano,,Colmillos,[ObjectId('69b994252ee87d7a734c9a67')]
69b9dd4ebc51107301f29ca6,1,piru,cat,persa,female,2014-03-17,1.5,gray,,healthy,False,None,Unknown,Unknown,[ObjectId('69b5ff5eff980d0b51d8ae52')]
69b9dd5abc51107301f29ca7,1,piru,cat,persa,female,2014-03-17,1.5,gray,,healthy,False,No,Unknown,Unknown,[ObjectId('69b5ff5eff980d0b51d8ae52')]
69b9dd66bc51107301f29ca8,1,piru,cat,persa,female,2014-03-17,1.5,gray,,healthy,False,No,Unknown,Unknown,[ObjectId('69b5ff5eff980d0b51d8ae52')]
69b9dd6dbc51107301f29ca9,1,piru,cat,persa,female,2014-03-17,1.5,gray,,healthy,False,No,Unknown,Unknown,[ObjectId('69b5ff5eff980d0b51d8ae52')]
69b9dd6ebc51107301f29caa,1,piru,cat,persa,female,2014-03-17,1.5,gray,,healthy,False,No,Unknown,Unknown,[ObjectId('69b5ff5eff980d0b51d8ae52')]
69b9de19bc51107301f29cab,1,fsdfsd,dog,fdsfdsfsdfsd,male,2026-03-02,12.0,fffff,,healthy,False,,dadada,dadada,[ObjectId('69b5ff5eff980d0b51d8ae52')]
69b9de1bbc51107301f29cac,1,fsdfsd,dog,fdsfdsfsdfsd,male,2026-03-02,12.0,fffff,,healthy,False,dadada,dadada,dadada,[ObjectId('69b5ff5eff980d0b51d8ae52')]
69b9de24bc51107301f29cad,1,fsdfsd,dog,fdsfdsfsdfsd,male,2026-03-02,12.0,fffff,,healthy,False,dadada,dadada,dadada,[ObjectId('69b5ff5eff980d0b51d8ae52')]
69b9de2dbc51107301f29cae,1,fsdfsd,dog,fdsfdsfsdfsd,male,2026-03-02,12.0,fffff,,healthy,False,dadada,dadada,dadada,[ObjectId('69b5ff5eff980d0b51d8ae52')]
69b9e14c20fcd47e7800de38,1,test,dog,test,female,2026-03-09,12.0,baba,,healthy,False,test,test,test,[ObjectId('69b5ff5eff980d0b51d8ae52')]
69b9eaa4af35f48330aeba4c,1,testtt,cat,cat,female,2000-03-17,1.0,cat,,healthy,False,cat,cat,cat,[ObjectId('69b5ff5eff980d0b51d8ae52')]
69bac061f53e6b4836187cdc,1,e,dog,e,female,,11.0,brown,file:///data/user/0/com.example.petcare/files/pets/pet_1773846594524.jpg,healthy,False,,,,[ObjectId('69b8d8bda94011000b69d944')]
69bad3caf53e6b4836187cde,1,d,dog,d,male,,22.0,b,file:///data/user/0/com.example.petcare/files/pets/pet_1773851494768.jpg,healthy,False,,,,[ObjectId('69b8d8bda94011000b69d944')]
69bae6d7f1161fd793537d62,1,Pablo Tobon,dog,perro pinguino,male,2002-03-19,5.0,black and white,https://firebasestorage.googleapis.com/v0/b/pets-health-info.firebasestorage.app/o/pets%2F520f69f6-ec3e-49ec-8afd-ce6fd068273e.jpg?alt=media,healthy,True,gluten,,,[ObjectId('69bad2c678e8686ceac1f93d')]
69bafccf8760b6d07ccefd1c,1,Buddy,cat,Golden,female,,5.0,Cute Cat,,healthy,True,,Dr. Vet,clinic,[ObjectId('69b9e0da4ef470521b8998b7')]
69bb10eca47e2f3631d80603,1,Elliot,dog,Yorkie,male,2015-05-02,4.0,Gris,,healthy,False,None,Dr. Maf,Colmillos,[ObjectId('69b9f9f0af35f48330aeba4d')]
69bb2d6833fa31b3d710cc5e,1,Be,dog,dd,male,,,d,file:///data/user/0/com.example.petcare/files/pets/pet_1773874515227.jpg,healthy,False,,,,[ObjectId('69b8d8bda94011000b69d944')]
69bb61316211d7595a73f68b,1,Buddy,dog,Galgo,male,,15.0,Brown,file:///data/user/0/com.example.petcare/files/pets/pet_1773887693573.jpg,healthy,False,,,,[ObjectId('69ba1b0d9fb75d164189e837')]
69bb6f626b701b33a5a74573,1,Persin,cat,Callejero,female,2012-03-03,1.2,Brown white strips,https://firebasestorage.googleapis.com/v0/b/pets-health-info.firebasestorage.app/o/pets%2F69bb6f626b701b33a5a74573%2Fphoto%2Fpet_1773891424011.jpg?alt=media&token=aad35e0a-54ca-49d7-a61d-afe87c17bd2b,healthy,True,None,Doctor Smith,Baby paws,[ObjectId('69baa19cade87d8f92c07011')]
69bb7829fa66d55e23b5135a,1,Max,dog,Golden,male,,15.0,Brown,https://firebasestorage.googleapis.com/v0/b/pets-health-info.firebasestorage.app/o/pets%2F7126e300-bf22-40c2-ae06-ffc353b2b5d3.jpg?alt=media&token=ad68979c-beb7-434a-a661-e8900fde1cd5,healthy,False,,,,[ObjectId('69ba1b0d9fb75d164189e837')]
69bb7b1f5b22f09d59bfd933,1,BudBud,dog,B,male,,10.0,,https://firebasestorage.googleapis.com/v0/b/pets-health-info.firebasestorage.app/o/pets%2Fe7b98ebd-dd98-49c6-8309-8595f8d19b96.jpg?alt=media,healthy,False,,,,[ObjectId('69ba1b0d9fb75d164189e837')]
69bb8954c7f9d54cc661ba94,1,A,cat,A,female,,4.0,verde,https://firebasestorage.googleapis.com/v0/b/pets-health-info.firebasestorage.app/o/pets%2F425cdeda-c3fe-459e-acb9-f0eddf82cc45.jpg?alt=media,healthy,False,,,,[ObjectId('69ba1b0d9fb75d164189e837')]
69bba93958baacd6e229ab2e,1,Rocco,dog,French Bulldog,male,2021-06-21,12.0,Grey with white markings,https://firebasestorage.googleapis.com/v0/b/pets-health-info.firebasestorage.app/o/pets%2F2c13401b-0508-418e-bb01-659931f32b06.jpg?alt=media,healthy,True,None,Dr. Manuela Sandoval,Animals,[ObjectId('69b9e0da4ef470521b8998b7')]
69bc01c46fe1f51e3dec840d,1,Max,dog,terrier,male,2026-03-02,5.0,Brown,https://firebasestorage.googleapis.com/v0/b/pets-health-info.firebasestorage.app/o/pets%2F303b620d-99db-4c54-a9a3-426b36506c20.jpg?alt=media,healthy,False,,,,[ObjectId('69ba1b0d9fb75d164189e837')]
69bc2523a67959a84a0a6dae,1,Yacko,dog,Bichon Maltes,male,2014-12-11,6.0,White,https://firebasestorage.googleapis.com/v0/b/pets-health-info.firebasestorage.app/o/pets%2F69bc2523a67959a84a0a6dae%2Fphoto%2Fpet_1773968482668.jpg?alt=media&token=e2e7d4f6-3c99-4252-916c-95cf183b0589,healthy,False,,Dr. Maf,Colmillos,[ObjectId('69b994252ee87d7a734c9a67')]
69bc3a493a2568613150f8e1,1,gato invisible,cat,no se,male,2026-03-20,10.0,arcoiris,https://firebasestorage.googleapis.com/v0/b/pets-health-info.firebasestorage.app/o/pets%2Ff2e0b800-6478-4c05-8a1d-1bb52d8e046d.jpg?alt=media,healthy,False,,s,,[ObjectId('69bad2c678e8686ceac1f93d')]
69bc435ce33487765109815a,1,Kekapsljgpspapnfpspappalappakfkappqlflsppancpskfpwomwpsp,dog,ofkalpakxmdlffpapkfpdlskapjcpwkdpspe,female,2026-03-26,,jxklslalalallalalalal,https://firebasestorage.googleapis.com/v0/b/pets-health-info.firebasestorage.app/o/pets%2Fc41fec11-db59-4fa9-9655-13ef3eefb3be.jpg?alt=media,healthy,False,kflalapappapapakdkflcpf,mflxpslapappalapakdldpallaoa,mxldpslpalspapalpalapspw,[ObjectId('69bad2c678e8686ceac1f93d')]
69bc496f40ea34957595d3ec,1,Charlie,dog,Yorkshire Terrier,male,2018-02-26,6.2,"Gold, brown, black and white",https://firebasestorage.googleapis.com/v0/b/pets-health-info.firebasestorage.app/o/pets%2F69bc496f40ea34957595d3ec%2Fphoto%2Fpet_1774062303834.jpg?alt=media&token=defd630a-e01d-430e-890a-31f2226d8d6f,healthy,True,None,Dr. Perdomo,,[ObjectId('69bc48d940ea34957595d3eb')]
69bc7b76bdf6307bd05ea666,1,test,cat,bull,male,2026-03-27,4.0,cafe,,healthy,False,,el bro,,[ObjectId('69bad2c678e8686ceac1f93d')]
69bc7be1695f1af88d77eefa,1,ssss,cat,sssssss,female,2026-03-18,,sss,https://firebasestorage.googleapis.com/v0/b/pets-health-info.firebasestorage.app/o/pets%2F2c396d46-d767-4704-a302-ed8667805a3d.jpg?alt=media,healthy,False,,,,[ObjectId('69b8d8bda94011000b69d944')]
69bc7d52695f1af88d77eefb,1,aandroidx.compose.ui.unit.sp,dog,a,male,2026-03-09,,z,,healthy,False,,,,[ObjectId('69b8d8bda94011000b69d944')]
69bc824ccd1851f2ad801b72,1,test2,cat,test2,,2026-03-03,5.0,g,,healthy,False,,dr,,[ObjectId('69bad2c678e8686ceac1f93d')]
69bc9f8c57adce41b32f5032,1,lol,cat,lol,,2026-03-26,8.0,,https://firebasestorage.googleapis.com/v0/b/pets-health-info.firebasestorage.app/o/pets%2F4d1472c3-3240-412e-b5be-2b869e6ed8ed.jpg?alt=media,healthy,False,,,,[ObjectId('69bad2c678e8686ceac1f93d')]
69bcd82e094700f7b22a8b02,1,carlos,dog,pug,male,2026-03-01,5.0,blanco,https://firebasestorage.googleapis.com/v0/b/pets-health-info.firebasestorage.app/o/pets%2F5b34a8c7-c5c5-45c3-bdd4-37b29f8dfb40.jpg?alt=media,healthy,False,,,,[ObjectId('69bcb387094700f7b22a8a69')]
69bd6ee0982704c4111ddb1d,1,Canela,dog,Criollita,female,2019-05-24,16.0,Black,https://firebasestorage.googleapis.com/v0/b/pets-health-info.firebasestorage.app/o/pets%2Fc2af3bee-1113-4406-8709-8c5c4154e2a4.jpg?alt=media,healthy,False,None,Dr Smith,Happy Paw Clinic,[ObjectId('69bd6e98982704c4111ddb0e')]
69bd6f10be85fc47af7cf214,1,Bruna,dog,Border Collie,female,2026-03-27,,"ddkdkdkdkdkdkdkdkdkdsplpsl,CDs",https://firebasestorage.googleapis.com/v0/b/pets-health-info.firebasestorage.app/o/pets%2Fba1ab02b-eaac-412d-ba00-520f29ee1eee.jpg?alt=media,healthy,False,rrrrrrrrrrrrrrrrrrrrrrrrrrrrrrrrrrrrrrrrrrrrrrrrrr,aaaaaaaaaaaaaaaaaaaaaaaaaaaaaaaaaaaaaaaaaaaaaaaaaaaaaaaaaaaa,ssssssssssssssssssssssssssssssssssssssssssssssssssssssssssss,[ObjectId('69bd6e79be85fc47af7cf20e')]
69bd7ca9b6ffbf97beccf2d7,1,Buddy,cat,Whatever,female,2025-03-20,6.0,Golden,https://firebasestorage.googleapis.com/v0/b/pets-health-info.firebasestorage.app/o/pets%2F513e4ef2-5f45-463c-8219-375b9bf112fd.jpg?alt=media,healthy,False,,,,[ObjectId('69bd7c47b6ffbf97beccf2cb')]
69bd82a512023611fc4ef5e0,1,Vito,dog,Poodle,male,2026-01-14,3.0,Caramel,,healthy,False,,Dr. Munoz,,[ObjectId('69bd7ffd12023611fc4ef5d7')]
69bd8477b6ffbf97beccf371,1,Duraznito,dog,Golden,male,2026-02-18,6.6,jdksksjsjsjsksnskaksk,https://firebasestorage.googleapis.com/v0/b/pets-health-info.firebasestorage.app/o/pets%2Fd9faa1f4-2d4b-4326-a48a-f10d979de29a.jpg?alt=media,healthy,False,,jdjs,ksksksmdidlamdndjsk,[ObjectId('69bd7c47b6ffbf97beccf2cb')]
69bd8931e24dd546cd80fff2,1,kskskskdkdkalfkalsndjwismdndsl,cat,nakskfkskdkdkaldndkskzskkdkdsksksksksksk,male,2026-03-08,6161.0,jdjsjsjdisksks,https://firebasestorage.googleapis.com/v0/b/pets-health-info.firebasestorage.app/o/pets%2Ffb8b538d-0062-4bba-ab04-3eb06dc04e4a.jpg?alt=media,healthy,False,smalskdisksksk,inskskskskdksks,akakdksksksksk,[ObjectId('69bd7c47b6ffbf97beccf2cb')]
69bd89dee24dd546cd810015,1,kaksks,cat,dkkws,male,2026-03-15,64.0,djsjs,https://firebasestorage.googleapis.com/v0/b/pets-health-info.firebasestorage.app/o/pets%2Fc8a72e3a-2f55-40b8-848f-6af43745f3c3.jpg?alt=media,healthy,False,ksksksksk,ksksks,ksksjsjsj,[ObjectId('69bd7c47b6ffbf97beccf2cb')]
69bd8a4c07e4f899ef85c56a,1,victor,cat,calico,male,2024-03-01,10.0,calico,,healthy,False,,,,[ObjectId('69bcb387094700f7b22a8a69')]
69bd8d3ea777d43c76536fff,1,marina,cat,gris,female,2021-03-20,4.5555555555555554e+41,gris,,healthy,False,,,,[ObjectId('69bcb387094700f7b22a8a69')]
69bd9830e24dd546cd81005a,1,maksksk,cat,ksksksks,female,2026-03-11,6468646.0,kskaksmsksksskakksskakakakakak,,healthy,False,kakskskskskskaiskskskssksksksiaisidkskwksjdjejdjejdjdjdjdjdjdjdjdjdjdjdjejdjdjdjejdjekejejejejejejekejejejejej,kqksks,kaskqkaisialskskakakalalalskskskskskskslslslslslalakakalakkw,[ObjectId('69bd7c47b6ffbf97beccf2cb')]
69bdddca6f68e2757e2140df,1,Emma,dog,Border collie,female,2026-03-04,20.0,v,https://firebasestorage.googleapis.com/v0/b/pets-health-info.firebasestorage.app/o/pets%2F67836951-483c-4bba-9284-47047be09bb9.jpg?alt=media,healthy,False,,,,[ObjectId('69bd6e79be85fc47af7cf20e')]
69bdeca615287ff84f5ea7aa,1,g,cat,g,female,,,,,healthy,False,,,,[ObjectId('69bd6e79be85fc47af7cf20e')]
69bdecc115287ff84f5ea7b9,1,j,dog,j,male,,,,,healthy,False,,,,[ObjectId('69bd6e79be85fc47af7cf20e')]
69be03d1425ad3e01972ff8b,1,Pet 1,dog,Beagle,male,2019-03-30,10.0,Brown,https://firebasestorage.googleapis.com/v0/b/pets-health-info.firebasestorage.app/o/pets%2F69be03d1425ad3e01972ff8b%2Fphoto%2Fpet_1774060494669.png?alt=media&token=78980a32-c662-4deb-be79-701137960b21,healthy,True,None,Dr Dree,Paws,[ObjectId('69baa19cade87d8f92c07011')]
69be08ff8b0ee85e8b4d127d,1,Romeo,dog,Bulldog French,male,2016-03-20,12.0,Black and White,,healthy,True,None,None,Paws,[ObjectId('69be08c68b0ee85e8b4d127a')]
